<?xml version="1.0" encoding="UTF-8"?>
<project-private xmlns="http://www.netbeans.org/ns/project-private/1">
    <editor-bookmarks xmlns="http://www.netbeans.org/ns/editor-bookmarks/2" lastBookmarkId="0"/>
    <open-files xmlns="http://www.netbeans.org/ns/projectui-open-files/2">
        <group>
            <file>file:/P:/Java/Murdock_FSUIPC/FSUIPC/test/com/mouseviator/fsuipc/helpers/LuaHelperTest.java</file>
            <file>file:/P:/Java/Murdock_FSUIPC/FSUIPC/test/com/mouseviator/fsuipc/helpers/LVarHelperTest.java</file>
            <file>file:/P:/Java/Murdock_FSUIPC/FSUIPC/src/com/mouseviator/fsuipc/helpers/aircraft/Engine1Helper.java</file>
            <file>file:/P:/Java/Murdock_FSUIPC/FSUIPC/src/com/mouseviator/fsuipc/helpers/SimHelper.java</file>
            <file>file:/P:/Java/Murdock_FSUIPC/FSUIPC/src/com/mouseviator/fsuipc/datarequest/DataRequest.java</file>
            <file>file:/P:/Java/Murdock_FSUIPC/FSUIPC/src/com/mouseviator/fsuipc/datarequest/primitives/StringRequest.java</file>
            <file>file:/P:/Java/Murdock_FSUIPC/FSUIPC/test/com/mouseviator/fsuipc/FSUIPCTest.java</file>
        </group>
    </open-files>
</project-private>
